<?xml version="1.0" encoding="UTF-8"?>
<launch4jConfig>
  <dontWrapJar>false</dontWrapJar>
  <headerType>gui</headerType>
  <jar>C:\Users\Liyabona Saki\Documents\NetBeansProjects\loginForm\dist\loginForm.jar</jar>
  <outfile>C:\Users\Liyabona Saki\Documents\NetBeansProjects\loginForm\loginForm.exe</outfile>
  <errTitle></errTitle>
  <cmdLine></cmdLine>
  <chdir>.</chdir>
  <priority>normal</priority>
  <downloadUrl>http://java.com/download</downloadUrl>
  <supportUrl></supportUrl>
  <stayAlive>false</stayAlive>
  <restartOnCrash>false</restartOnCrash>
  <manifest></manifest>
  <icon>C:\Users\Liyabona Saki\Documents\NetBeansProjects\loginForm\login_rounded_right_96px.png</icon>
  <singleInstance>
    <mutexName>loginForm</mutexName>
    <windowTitle></windowTitle>
  </singleInstance>
  <jre>
    <path></path>
    <bundledJre64Bit>false</bundledJre64Bit>
    <bundledJreAsFallback>false</bundledJreAsFallback>
    <minVersion>1.0</minVersion>
    <maxVersion></maxVersion>
    <jdkPreference>preferJre</jdkPreference>
    <runtimeBits>64/32</runtimeBits>
  </jre>
  <versionInfo>
    <fileVersion>1.0.0.1</fileVersion>
    <txtFileVersion>1.0.1</txtFileVersion>
    <fileDescription>Secured CRUD Login system with MySql database</fileDescription>
    <copyright>2020</copyright>
    <productVersion>1.0.0.1</productVersion>
    <txtProductVersion>1.0.1</txtProductVersion>
    <productName>CRUD login system</productName>
    <companyName>Smart mind inc</companyName>
    <internalName>Smart mind inc</internalName>
    <originalFilename>loginForm.exe</originalFilename>
    <trademarks>Smart Mind Inc</trademarks>
    <language>ENGLISH_US</language>
  </versionInfo>
</launch4jConfig>